{
  "rmse": 7.939962493671244e-05,
  "r2": 0.9999999030253405
}