,desconto_otimo,lucro_esperado
count,500.0,500.0
mean,0.024853999999999998,3976.5387078435188
std,0.016472990099117162,1859.5186585974755
min,0.0,1407.719135797136
25%,0.005,2409.8388183328525
50%,0.039,3683.707084178098
75%,0.039,5011.229153759927
max,0.04,10099.85238982004
