{
  "best_model": "GradientBoosting",
  "metrics": {
    "cv_rmse_mean": 241.3048260186571,
    "cv_rmse_std": 19.425685746607183,
    "cv_mae_mean": 192.22892456527302,
    "cv_mae_std": 15.582837337561898,
    "cv_r2_mean": -0.3329404327063913,
    "cv_r2_std": 0.1983167463327933,
    "cv_expected_profit_mean": 4739.738308681598,
    "cv_expected_profit_std": 835.3011869857723,
    "cv_rmse": 241.3048260186571,
    "cv_mae": 192.22892456527302,
    "cv_r2": -0.3329404327063913,
    "holdout_rmse": 210.4502560929184,
    "holdout_r2": -0.1816423852737028,
    "holdout_mae": 168.68625270212522
  }
}